"Federal investment in tax credits, grants, and the fiscal costs of loans and loan guarantees by State, 2023 million USD (or 2023 USD for per-capita values)"

version:,2024_Q4.20250218.0
created:,Tue Feb 18 16:00:32 2025 (MST)

State,quarter,Total Federal Investment,Federal investment per capita,Federal investment as a fraction of state GDP,Population,State GDP (Annualized)
AK,2022-Q1,1.520374,2.071093,0.000096,734092,63038.801644
AK,2022-Q2,2.117872,2.886618,0.000133,733686,63498.574741
AK,2022-Q3,1.988162,2.711341,0.000125,733276,63810.708090
AK,2022-Q4,8.514859,11.611560,0.000522,733308,65295.869573
AK,2023-Q1,7.372871,10.053802,0.000445,733341,66222.831462
AK,2023-Q2,8.543955,11.650209,0.000503,733373,67895.407786
AK,2023-Q3,13.721972,18.709926,0.000795,733406,69023.941750
AK,2023-Q4,32.319315,43.966403,0.001871,735091,69081.919003
AK,2024-Q1,31.648887,42.955669,0.001838,736780,68875.627848
AK,2024-Q2,35.217614,47.690960,0.002051,738454,68687.538854
AK,2024-Q3,39.682173,53.614922,0.002298,740133,69059.671917
AK,2024-Q4,88.734142,119.614613,0.005112,741833,69433.821111
AL,2022-Q1,5.119942,1.011402,0.000070,5062224,293910.433898
AL,2022-Q2,5.863794,1.157017,0.000080,5068028,294193.112566
AL,2022-Q3,5.694005,1.122214,0.000077,5073903,297079.127159
AL,2022-Q4,10.312920,2.029067,0.000137,5082593,300767.410734
AL,2023-Q1,182.855599,35.915319,0.002423,5091298,301857.742739
AL,2023-Q2,97.024543,19.025060,0.001280,5099828,303222.676880
AL,2023-Q3,96.021651,18.796565,0.001257,5108468,305546.026314
AL,2023-Q4,94.122699,18.380473,0.001218,5120798,309115.854066
AL,2024-Q1,178.247585,34.724735,0.002307,5133158,309043.165266
AL,2024-Q2,188.484885,36.631624,0.002419,5145414,311627.655946
AL,2024-Q3,195.199022,37.846144,0.002469,5157699,316233.972148
AL,2024-Q4,211.778995,40.961879,0.002640,5170148,320908.376495
AR,2022-Q1,43.317674,14.261038,0.001000,3037484,173271.947225
AR,2022-Q2,15.974395,5.251425,0.000370,3041916,172759.294581
AR,2022-Q3,16.639399,5.461980,0.000381,3046404,174859.466741
AR,2022-Q4,22.306352,7.309326,0.000504,3051765,177032.432479
AR,2023-Q1,40.237773,13.161913,0.000904,3057137,177955.516998
AR,2023-Q2,30.524742,9.967586,0.000688,3062400,177586.902711
AR,2023-Q3,34.293274,11.178706,0.000769,3067732,178477.462439
AR,2023-Q4,127.634525,41.535492,0.002830,3072902,180405.717852
AR,2024-Q1,58.314592,18.945106,0.001277,3078082,182671.611562
AR,2024-Q2,159.327886,51.675913,0.003476,3083213,183334.497760
AR,2024-Q3,213.776882,69.220330,0.004587,3088354,186413.511222
AR,2024-Q4,162.982728,52.684531,0.003439,3093559,189544.235214
AZ,2022-Q1,96.009581,13.117281,0.000764,7319320,502438.298851
AZ,2022-Q2,129.956993,17.699676,0.001028,7342337,505521.905798
AZ,2022-Q3,88.112576,11.962579,0.000693,7365684,508465.348794
AZ,2022-Q4,104.740434,14.188281,0.000814,7382179,514389.337007
AZ,2023-Q1,203.226452,27.467819,0.001570,7398710,517922.293095
AZ,2023-Q2,402.688252,54.307839,0.003091,7414919,521055.369673
AZ,2023-Q3,478.187166,64.347333,0.003649,7431344,524192.568719
AZ,2023-Q4,233.591196,31.274658,0.001770,7469024,527898.668513
AZ,2024-Q1,234.778026,31.274977,0.001770,7506896,530689.580149
AZ,2024-Q2,640.756795,84.929802,0.004793,7544545,534708.987600
AZ,2024-Q3,417.139568,55.014303,0.003097,7582384,538786.109620
AZ,2024-Q4,368.707506,48.381537,0.002717,7620830,542894.319437
CA,2022-Q1,810.714572,20.738433,0.000853,39092373,3801992.966216
CA,2022-Q2,925.853544,23.699345,0.000977,39066629,3789487.914037
CA,2022-Q3,1280.075400,32.788299,0.001349,39040616,3796181.218728
CA,2022-Q4,1339.171144,34.318722,0.001415,39021591,3785733.133356
CA,2023-Q1,1621.585799,41.576377,0.001689,39002576,3839246.920619
CA,2023-Q2,1984.397291,50.902887,0.002064,38983983,3845874.924777
CA,2023-Q3,2781.827591,71.392630,0.002863,38965193,3887210.162528
CA,2023-Q4,2481.975255,63.507146,0.002540,39081826,3909183.792076
CA,2024-Q1,2067.701169,52.749082,0.002084,39198808,3969488.834830
CA,2024-Q2,2652.475163,67.467489,0.002654,39314864,3997013.009731
CA,2024-Q3,2942.532013,74.624341,0.002922,39431263,4027736.910777
CA,2024-Q4,3092.156782,78.184885,0.003047,39549291,4058696.977704
CO,2022-Q1,73.545386,12.622740,0.000582,5826419,505217.978946
CO,2022-Q2,82.447885,14.133072,0.000658,5833684,501542.802169
CO,2022-Q3,73.311806,12.551158,0.000577,5841039,508375.405646
CO,2022-Q4,212.749415,36.365958,0.001653,5850235,514970.353350
CO,2023-Q1,141.818589,24.203411,0.001090,5859446,520614.677961
CO,2023-Q2,550.383386,93.786506,0.004163,5868470,528847.752958
CO,2023-Q3,174.986703,29.771745,0.001314,5877610,532832.731010
CO,2023-Q4,294.933781,50.009216,0.002200,5897588,536210.838071
CO,2024-Q1,218.000024,36.839046,0.001633,5917634,533923.401255
CO,2024-Q2,271.523653,45.730064,0.002021,5937530,537428.823908
CO,2024-Q3,288.441721,48.416628,0.002129,5957493,541940.039744
CO,2024-Q4,403.314480,67.469357,0.002952,5977743,546489.123047
CT,2022-Q1,32.539123,9.023060,0.000391,3606218,333152.129800
CT,2022-Q2,25.261710,7.002640,0.000302,3607455,334170.135038
CT,2022-Q3,25.522293,7.072422,0.000303,3608706,337273.728929
CT,2022-Q4,39.829740,11.030605,0.000466,3610839,342112.559022
CT,2023-Q1,137.180255,37.968798,0.001609,3612973,340985.481794
CT,2023-Q2,128.960886,35.673211,0.001497,3615062,344505.532374
CT,2023-Q3,139.449570,38.552055,0.001609,3617176,346617.562722
CT,2023-Q4,185.995761,51.215335,0.002116,3631641,351539.023110
CT,2024-Q1,266.646111,73.130551,0.003036,3646165,351310.963495
CT,2024-Q2,330.629446,90.321382,0.003739,3660588,353707.242059
CT,2024-Q3,370.926062,100.930367,0.004163,3675069,356371.242779
CT,2024-Q4,511.299606,138.572348,0.005696,3689766,359055.307832
DC,2022-Q1,5.497042,8.204539,0.000125,670000,176232.589514
DC,2022-Q2,5.978869,8.917406,0.000137,670471,174549.236727
DC,2022-Q3,5.899572,8.792878,0.000136,670949,173906.413483
DC,2022-Q4,6.987050,10.382529,0.000160,672962,174213.215485
DC,2023-Q1,10.735872,15.905431,0.000246,674981,174703.449373
DC,2023-Q2,10.914773,16.123149,0.000246,676962,177248.769692
DC,2023-Q3,13.926411,20.511025,0.000316,678972,176127.075597
DC,2023-Q4,18.632779,27.211082,0.000419,684749,177927.305338
DC,2024-Q1,18.060715,26.153098,0.000407,690576,177446.811196
DC,2024-Q2,23.511314,33.761763,0.000527,696388,178370.463786
DC,2024-Q3,21.181294,30.162042,0.000473,702250,179273.013593
DC,2024-Q4,34.984908,49.397961,0.000777,708225,180180.130278
DE,2022-Q1,3.797177,3.751396,0.000157,1012203,96795.470528
DE,2022-Q2,5.982613,5.889530,0.000248,1015804,96654.699373
DE,2022-Q3,3.270696,3.208266,0.000135,1019459,96934.492973
DE,2022-Q4,26.332513,25.751102,0.001080,1022578,97539.546635
DE,2023-Q1,14.557469,14.192623,0.000605,1025706,96200.034771
DE,2023-Q2,13.454059,13.077726,0.000550,1028776,97786.989101
DE,2023-Q3,12.614472,12.224628,0.000510,1031890,98882.555918
DE,2023-Q4,11.077676,10.683581,0.000446,1036887,99405.420210
DE,2024-Q1,14.978876,14.376361,0.000605,1041910,98958.624804
DE,2024-Q2,11.068937,10.573044,0.000444,1046901,99744.669951
DE,2024-Q3,19.253230,18.302993,0.000766,1051917,100501.861383
DE,2024-Q4,16.487410,15.598130,0.000651,1057011,101264.800880
FL,2022-Q1,337.849595,15.329734,0.000899,22038843,1502865.647169
FL,2022-Q2,230.543055,10.412321,0.000606,22141370,1522406.884230
FL,2022-Q3,228.670936,10.279415,0.000591,22245521,1548809.546008
FL,2022-Q4,266.743506,11.941772,0.000681,22337012,1567119.245299
FL,2023-Q1,642.246657,28.634806,0.001620,22428881,1585805.945948
FL,2023-Q2,586.814996,26.058525,0.001479,22519117,1586886.683175
FL,2023-Q3,522.066465,23.089328,0.001301,22610726,1605070.715346
FL,2023-Q4,656.128492,28.777853,0.001615,22799771,1625479.055531
FL,2024-Q1,498.264045,21.672702,0.001215,22990398,1639805.107138
FL,2024-Q2,612.169076,26.408772,0.001481,23180520,1652937.321112
FL,2024-Q3,666.914198,28.534488,0.001601,23372215,1666371.136171
FL,2024-Q4,791.213574,33.572050,0.001884,23567627,1679914.131044
GA,2022-Q1,28.147524,2.593740,0.000140,10852098,804878.834683
GA,2022-Q2,97.159402,8.928112,0.000476,10882412,815693.481471
GA,2022-Q3,28.456658,2.607557,0.000139,10913150,817912.237596
GA,2022-Q4,52.663725,4.812861,0.000255,10942292,827381.316153
GA,2023-Q1,255.730012,23.308548,0.001247,10971512,820166.780109
GA,2023-Q2,256.453623,23.313601,0.001238,11000172,828691.097995
GA,2023-Q3,287.790964,26.093485,0.001378,11029227,835640.814759
GA,2023-Q4,354.838575,32.062320,0.001684,11067152,842812.407136
GA,2024-Q1,434.244453,39.102775,0.002043,11105207,850177.246015
GA,2024-Q2,541.833530,48.625555,0.002528,11142978,857477.669392
GA,2024-Q3,591.277583,52.882929,0.002741,11180878,863017.402426
GA,2024-Q4,790.563078,70.464408,0.003641,11219324,868592.924896
HI,2022-Q1,13.238054,9.173745,0.000493,1443037,107485.322657
HI,2022-Q2,21.066813,14.617276,0.000785,1441226,107304.715284
HI,2022-Q3,30.100943,20.912160,0.001111,1439399,108388.359520
HI,2022-Q4,20.529221,14.273018,0.000751,1438323,109290.308387
HI,2023-Q1,66.244216,46.090967,0.002419,1437249,109535.107537
HI,2023-Q2,48.802910,33.980601,0.001774,1436199,110030.145817
HI,2023-Q3,29.952782,20.871011,0.001086,1435138,110297.792888
HI,2023-Q4,172.777929,120.160146,0.006215,1437897,111198.653758
HI,2024-Q1,65.986216,45.802718,0.002366,1440661,111543.548561
HI,2024-Q2,68.583186,47.514985,0.002451,1443401,111922.171245
HI,2024-Q3,32.600037,22.542701,0.001158,1446146,112638.072759
HI,2024-Q4,35.107445,24.229973,0.001239,1448926,113358.553481
IA,2022-Q1,126.028771,39.398451,0.001971,3198825,255799.406611
IA,2022-Q2,100.991448,31.567158,0.001597,3199256,252922.110291
IA,2022-Q3,103.073936,32.213696,0.001626,3199693,253562.032285
IA,2022-Q4,110.998125,34.670292,0.001766,3201534,251475.227841
IA,2023-Q1,128.289666,40.048264,0.002047,3203376,250651.798804
IA,2023-Q2,111.174263,34.685813,0.001773,3205179,250795.310722
IA,2023-Q3,85.579463,26.685175,0.001338,3207004,255893.512787
IA,2023-Q4,132.654373,41.252901,0.002050,3215637,258787.277688
IA,2024-Q1,156.976405,48.685510,0.002494,3224294,251792.836183
IA,2024-Q2,127.730480,39.509816,0.002021,3232879,252820.946152
IA,2024-Q3,93.993159,28.996917,0.001487,3241488,252832.709424
IA,2024-Q4,264.479444,81.372925,0.004184,3250214,252844.473244
ID,2022-Q1,7.963197,4.143547,0.000275,1921830,115725.641955
ID,2022-Q2,10.151179,5.258733,0.000349,1930346,116325.447343
ID,2022-Q3,8.848710,4.563553,0.000302,1938996,117375.106771
ID,2022-Q4,13.671133,7.027236,0.000458,1945449,119299.635715
ID,2023-Q1,12.361447,6.332954,0.000413,1951924,119670.374321
ID,2023-Q2,13.097185,6.688108,0.000437,1958279,119795.487101
ID,2023-Q3,13.384137,6.812215,0.000441,1964726,121291.320783
ID,2023-Q4,19.707619,9.983924,0.000641,1973935,123076.017795
ID,2024-Q1,17.878782,9.015175,0.000579,1983187,123547.030615
ID,2024-Q2,22.077716,11.081066,0.000705,1992381,125336.327362
ID,2024-Q3,24.167369,12.073911,0.000762,2001619,126822.961575
ID,2024-Q4,93.833428,46.660058,0.002925,2011001,128327.228993
IL,2022-Q1,89.986134,7.121483,0.000331,12635869,1089084.144059
IL,2022-Q2,89.031055,7.060739,0.000329,12609311,1083888.979477
IL,2022-Q3,174.283001,13.851206,0.000643,12582515,1084839.188506
IL,2022-Q4,160.026075,12.726508,0.000587,12574232,1090354.532217
IL,2023-Q1,279.626804,22.252728,0.001024,12565956,1092812.681661
IL,2023-Q2,256.854760,20.453697,0.000939,12557864,1094403.248948
IL,2023-Q3,123.689608,9.855990,0.000450,12549689,1100558.950918
IL,2023-Q4,352.335332,27.985701,0.001275,12589833,1105609.518473
IL,2024-Q1,549.707067,43.523548,0.001998,12630107,1100662.234508
IL,2024-Q2,607.184894,47.922776,0.002191,12670069,1108336.205251
IL,2024-Q3,572.173545,45.017029,0.002055,12710158,1113706.951936
IL,2024-Q4,997.974752,78.267520,0.003567,12750816,1119103.724045
IN,2022-Q1,42.379358,6.211154,0.000346,6823105,490285.105420
IN,2022-Q2,33.336599,4.882578,0.000270,6827662,493112.229192
IN,2022-Q3,29.515592,4.320025,0.000239,6832274,494843.842502
IN,2022-Q4,75.388033,11.021957,0.000609,6839804,495016.120357
IN,2023-Q1,146.656581,21.418027,0.001188,6847343,493735.079898
IN,2023-Q2,318.770932,46.503818,0.002570,6854726,496107.213438
IN,2023-Q3,94.178598,13.724259,0.000751,6862199,501774.713125
IN,2023-Q4,188.481877,27.404583,0.001489,6877750,506395.293540
IN,2024-Q1,277.936081,40.319528,0.002169,6893336,512478.027031
IN,2024-Q2,429.578455,62.178550,0.003330,6908788,516020.766508
IN,2024-Q3,222.187963,32.088264,0.001706,6924275,520981.485252
IN,2024-Q4,550.594038,79.336695,0.004187,6939966,525989.893414
KS,2022-Q1,59.709072,20.327698,0.001079,2937325,221422.882411
KS,2022-Q2,55.527865,18.906176,0.001020,2937022,217784.807824
KS,2022-Q3,43.545539,14.827971,0.000789,2936716,220737.388221
KS,2022-Q4,57.379114,19.532113,0.001036,2937680,221565.349578
KS,2023-Q1,67.202112,22.868392,0.001196,2938646,224765.698960
KS,2023-Q2,59.078978,20.097689,0.001042,2939590,226737.527127
KS,2023-Q3,78.299023,26.627376,0.001360,2940546,230235.199291
KS,2023-Q4,99.819957,33.859387,0.001727,2948073,231191.174622
KS,2024-Q1,112.175388,37.953252,0.001971,2955619,227652.207628
KS,2024-Q2,111.872915,37.755318,0.001939,2963103,230786.485281
KS,2024-Q3,101.171072,34.057385,0.001748,2970606,231562.828099
KS,2024-Q4,104.661524,35.142423,0.001802,2978210,232341.782457
KY,2022-Q1,7.095467,1.573415,0.000105,4509597,270656.219988
KY,2022-Q2,10.019683,2.221376,0.000147,4510574,273515.595110
KY,2022-Q3,10.127390,2.244763,0.000147,4511563,274664.926903
KY,2022-Q4,46.586255,10.317567,0.000673,4515236,276750.469361
KY,2023-Q1,41.231577,9.124225,0.000593,4518912,277889.652529
KY,2023-Q2,42.093367,9.307519,0.000606,4522511,277925.172717
KY,2023-Q3,47.988123,10.602406,0.000682,4526154,281264.070375
KY,2023-Q4,72.060078,15.866275,0.001023,4541713,281751.204380
KY,2024-Q1,73.912014,16.218283,0.001045,4557326,282882.776079
KY,2024-Q2,115.713069,25.304515,0.001622,4572823,285318.446103
KY,2024-Q3,171.783536,37.438886,0.002385,4588372,288096.632225
KY,2024-Q4,232.898921,50.584613,0.003202,4604145,290901.869938
LA,2022-Q1,3.771695,0.818629,0.000051,4607333,298277.114410
LA,2022-Q2,6.370579,1.385595,0.000086,4597721,297866.904754
LA,2022-Q3,5.427278,1.182923,0.000072,4588023,300361.587180
LA,2022-Q4,37.817465,8.249126,0.000498,4584420,303843.811369
LA,2023-Q1,42.837055,9.351391,0.000555,4580821,308754.172879
LA,2023-Q2,33.940761,7.415012,0.000436,4577303,311656.026370
LA,2023-Q3,41.397760,9.051166,0.000523,4573749,316879.362654
LA,2023-Q4,166.198696,36.289765,0.002060,4579767,322664.838097
LA,2024-Q1,84.585524,18.445119,0.001052,4585794,321583.100041
LA,2024-Q2,91.555381,19.939046,0.001130,4591763,324004.856306
LA,2024-Q3,175.356722,38.139765,0.002153,4597740,325815.855971
LA,2024-Q4,294.227316,63.909800,0.003592,4603790,327636.978077
MA,2022-Q1,244.433140,34.982458,0.001352,6987306,723081.924929
MA,2022-Q2,70.271371,10.060274,0.000387,6985035,725580.537276
MA,2022-Q3,67.616964,9.683443,0.000374,6982740,723538.524139
MA,2022-Q4,124.650887,17.839282,0.000676,6987438,737331.625294
MA,2023-Q1,81.261800,11.621878,0.000444,6992139,731307.052376
MA,2023-Q2,96.988524,13.861954,0.000528,6996742,734300.313867
MA,2023-Q3,105.134984,15.016282,0.000570,7001399,737515.533309
MA,2023-Q4,109.696297,15.592858,0.000591,7035034,742062.500448
MA,2024-Q1,253.817447,35.906561,0.001350,7068832,752278.907786
MA,2024-Q2,177.437279,24.982645,0.000939,7102421,755754.135111
MA,2024-Q3,131.147224,18.377814,0.000690,7136171,760104.510924
MA,2024-Q4,176.889979,24.669285,0.000926,7170454,764479.928967
MD,2022-Q1,28.214096,4.573183,0.000224,6169465,504514.544379
MD,2022-Q2,38.835177,6.297524,0.000306,6166737,506897.824376
MD,2022-Q3,31.707204,5.143949,0.000249,6163981,508808.347400
MD,2022-Q4,105.088467,17.037473,0.000823,6168078,510699.375292
MD,2023-Q1,72.235639,11.703427,0.000565,6172178,511376.831160
MD,2023-Q2,93.658328,15.164413,0.000731,6176192,512297.976190
MD,2023-Q3,90.056051,14.571580,0.000695,6180253,518614.399250
MD,2023-Q4,100.511218,16.208862,0.000773,6201004,520139.893400
MD,2024-Q1,121.421649,19.515440,0.000930,6221824,522065.037774
MD,2024-Q2,116.404261,18.647094,0.000887,6242488,525028.297975
MD,2024-Q3,126.126266,20.137607,0.000954,6263220,528907.829423
MD,2024-Q4,147.873095,23.530748,0.001110,6284249,532816.027447
ME,2022-Q1,44.193025,31.929166,0.001957,1384095,90319.506517
ME,2022-Q2,50.769462,36.611714,0.002244,1386699,90492.985986
ME,2022-Q3,44.217512,31.826317,0.001967,1389338,89899.873749
ME,2022-Q4,43.875205,31.543465,0.001915,1390944,91654.985849
ME,2023-Q1,36.502277,26.212495,0.001585,1392552,92109.001936
ME,2023-Q2,59.664912,42.797310,0.002578,1394127,92583.335437
ME,2023-Q3,45.940443,32.915182,0.001959,1395722,93788.314448
ME,2023-Q4,64.260904,45.964622,0.002717,1398051,94599.448179
ME,2024-Q1,58.721916,41.932704,0.002466,1400384,95243.353954
ME,2024-Q2,33.159762,23.640013,0.001387,1402696,95634.854917
ME,2024-Q3,88.464625,62.963608,0.003667,1405012,96494.437869
ME,2024-Q4,123.421800,87.697584,0.005071,1407356,97361.746904
MI,2022-Q1,78.480496,7.820148,0.000476,10035678,658942.502159
MI,2022-Q2,51.545187,5.136804,0.000312,10034486,659875.874572
MI,2022-Q3,44.517053,4.436939,0.000269,10033281,661097.855561
MI,2022-Q4,171.613987,17.102764,0.001034,10034284,664131.315905
MI,2023-Q1,169.047314,16.845289,0.001013,10035287,667754.274616
MI,2023-Q2,269.720153,26.874545,0.001602,10036268,673329.946665
MI,2023-Q3,178.745273,17.808172,0.001057,10037261,676639.734369
MI,2023-Q4,383.618441,38.121290,0.002265,10063102,677548.544350
MI,2024-Q1,339.002099,33.601126,0.001996,10089010,679488.976473
MI,2024-Q2,349.447529,34.548476,0.002036,10114701,686495.410183
MI,2024-Q3,401.153781,39.559726,0.002321,10140459,691475.443258
MI,2024-Q4,663.416742,65.254752,0.003810,10166565,696491.602910
MN,2022-Q1,29.877028,5.226803,0.000254,5716118,470358.717475
MN,2022-Q2,33.396553,5.843447,0.000282,5715214,473778.519673
MN,2022-Q3,29.774542,5.210532,0.000248,5714300,479359.812235
MN,2022-Q4,48.417813,8.464293,0.000405,5720243,478596.933283
MN,2023-Q1,56.871267,9.931777,0.000475,5726192,478653.929987
MN,2023-Q2,62.192360,10.849993,0.000518,5732018,479833.323309
MN,2023-Q3,112.182046,19.551012,0.000924,5737915,485445.306404
MN,2023-Q4,98.709927,17.161722,0.000808,5751749,488716.040301
MN,2024-Q1,97.264536,16.869751,0.000802,5765617,485305.006826
MN,2024-Q2,98.324628,17.013042,0.000808,5779367,486905.298880
MN,2024-Q3,97.805035,16.882873,0.000799,5793151,489334.235314
MN,2024-Q4,277.038769,47.706750,0.002253,5807118,491775.288543
MO,2022-Q1,45.247863,7.329005,0.000436,6173807,415479.886884
MO,2022-Q2,32.072742,5.193564,0.000307,6175478,417892.563903
MO,2022-Q3,27.311303,4.421331,0.000260,6177168,420566.486205
MO,2022-Q4,64.623624,10.453601,0.000611,6181948,422898.484535
MO,2023-Q1,76.498622,12.364947,0.000719,6186732,425357.263663
MO,2023-Q2,80.260914,12.963255,0.000749,6191416,428607.462323
MO,2023-Q3,81.005312,13.073478,0.000751,6196156,431677.094391
MO,2023-Q4,81.758276,13.168735,0.000752,6208514,434815.879622
MO,2024-Q1,96.629995,15.533129,0.000890,6220896,434228.077737
MO,2024-Q2,102.382458,16.425425,0.000934,6233169,438434.895152
MO,2024-Q3,103.535433,16.577695,0.000936,6245466,442507.248083
MO,2024-Q4,116.952116,18.688649,0.001047,6257922,446617.426604
MS,2022-Q1,1.950474,0.662479,0.000053,2944206,146988.813540
MS,2022-Q2,2.767715,0.940894,0.000076,2941580,146323.731022
MS,2022-Q3,54.191962,18.439364,0.001474,2938928,147101.752080
MS,2022-Q4,4.118104,1.401135,0.000111,2939120,149045.410422
MS,2023-Q1,20.537143,6.987058,0.000548,2939312,149951.707354
MS,2023-Q2,22.198985,7.551960,0.000590,2939500,150597.269629
MS,2023-Q3,24.268524,8.255470,0.000642,2939690,151322.307174
MS,2023-Q4,82.412852,28.026501,0.002159,2940532,152715.215843
MS,2024-Q1,46.926985,15.954092,0.001229,2941376,152716.610146
MS,2024-Q2,271.318117,92.215740,0.007062,2942210,153680.073499
MS,2024-Q3,116.547065,39.600844,0.002996,2943045,155598.634387
MS,2024-Q4,171.919759,58.398860,0.004365,2943888,157541.146825
MT,2022-Q1,6.169258,5.534658,0.000344,1114659,71787.485048
MT,2022-Q2,5.679376,5.076590,0.000324,1118738,70208.738405
MT,2022-Q3,7.269149,6.473676,0.000418,1122878,69638.755787
MT,2022-Q4,52.052493,46.253520,0.002964,1125373,70252.678433
MT,2023-Q1,59.069828,52.372677,0.003270,1127874,72254.734643
MT,2023-Q2,16.663520,14.742210,0.000916,1130327,72805.532178
MT,2023-Q3,20.611799,18.195251,0.001117,1132812,73782.733648
MT,2023-Q4,27.400154,24.164062,0.001478,1133921,74175.099532
MT,2024-Q1,27.852152,24.538639,0.001502,1135032,74165.197554
MT,2024-Q2,30.629497,26.959448,0.001639,1136132,74745.701024
MT,2024-Q3,35.883949,31.553736,0.001921,1137233,74728.372562
MT,2024-Q4,51.968495,45.652595,0.002782,1138347,74711.048117
NC,2022-Q1,86.918965,8.175325,0.000455,10631866,764246.843419
NC,2022-Q2,52.549178,4.927860,0.000277,10663690,759296.262048
NC,2022-Q3,57.916424,5.414792,0.000304,10695965,762869.055425
NC,2022-Q4,49.217135,4.586460,0.000254,10730962,774445.176121
NC,2023-Q1,224.466030,20.849383,0.001151,10766075,780307.528959
NC,2023-Q2,161.952500,14.994858,0.000831,10800535,779260.680238
NC,2023-Q3,194.531270,17.953157,0.000983,10835491,791586.479696
NC,2023-Q4,254.190785,23.345890,0.001269,10888031,801258.011106
NC,2024-Q1,219.593171,20.070986,0.001089,10940826,806938.009651
NC,2024-Q2,256.437744,23.326732,0.001260,10993299,813887.734386
NC,2024-Q3,264.679717,23.961537,0.001288,11046024,821668.184236
NC,2024-Q4,391.056206,35.231606,0.001886,11099585,829523.012156
ND,2022-Q1,29.614296,38.042611,0.001695,778450,69896.199145
ND,2022-Q2,28.140715,36.138997,0.001620,778680,69467.383737
ND,2022-Q3,24.092570,30.931055,0.001368,778912,70468.902779
ND,2022-Q4,33.220826,42.581370,0.001836,780172,72362.243898
ND,2023-Q1,55.704948,71.285400,0.003016,781435,73875.207230
ND,2023-Q2,33.643069,42.984839,0.001769,782672,76086.242157
ND,2023-Q3,33.610704,42.874843,0.001750,783926,76827.765146
ND,2023-Q4,59.608671,75.733483,0.003081,787084,77384.085467
ND,2024-Q1,57.565652,72.844285,0.003045,790256,75613.263036
ND,2024-Q2,63.607472,80.170157,0.003364,793405,75626.084759
ND,2024-Q3,64.391875,80.836633,0.003426,796568,75181.598356
ND,2024-Q4,107.682745,134.640843,0.005763,799777,74739.724388
NE,2022-Q1,34.653202,17.624712,0.000799,1966171,173575.972639
NE,2022-Q2,34.834311,17.708368,0.000805,1967110,173121.573179
NE,2022-Q3,31.012076,15.757688,0.000706,1968060,175587.652959
NE,2022-Q4,163.435313,82.934477,0.003737,1970655,174959.195401
NE,2023-Q1,48.823593,24.742666,0.001088,1973255,179473.923594
NE,2023-Q2,45.000233,22.775688,0.000997,1975801,180559.861286
NE,2023-Q3,35.042323,17.712644,0.000769,1978379,182215.723724
NE,2023-Q4,50.884110,25.632338,0.001113,1985152,182890.391397
NE,2024-Q1,59.213774,29.726537,0.001310,1991949,180744.701744
NE,2024-Q2,92.122438,46.091269,0.002013,1998696,183072.151181
NE,2024-Q3,50.415887,25.139250,0.001105,2005465,182439.072611
NE,2024-Q4,54.054882,26.861816,0.001189,2012331,181808.183279
NH,2022-Q1,8.691751,6.238320,0.000316,1393283,110093.423206
NH,2022-Q2,9.154227,6.556883,0.000328,1396124,111589.850213
NH,2022-Q3,12.034664,8.602315,0.000429,1399003,112219.142365
NH,2022-Q4,11.688600,8.350364,0.000416,1399771,112487.706417
NH,2023-Q1,13.072215,9.333695,0.000463,1400540,113017.897443
NH,2023-Q2,15.230886,10.869168,0.000536,1401292,113715.569372
NH,2023-Q3,15.112102,10.778545,0.000528,1402054,114405.313210
NH,2023-Q4,20.742027,14.775578,0.000720,1403804,115264.519975
NH,2024-Q1,29.835300,21.226663,0.001024,1405557,116498.328998
NH,2024-Q2,27.048183,19.219997,0.000924,1407293,117102.845868
NH,2024-Q3,29.943566,21.251161,0.001012,1409032,118403.052645
NH,2024-Q4,35.539358,25.191078,0.001187,1410791,119717.695771
NJ,2022-Q1,58.483074,6.312285,0.000298,9264960,784001.159275
NJ,2022-Q2,99.399318,10.730907,0.000504,9262900,788704.621317
NJ,2022-Q3,96.926820,10.466336,0.000490,9260817,790841.254989
NJ,2022-Q4,96.842181,10.448668,0.000486,9268375,796756.432100
NJ,2023-Q1,127.414675,13.736039,0.000637,9275940,799638.736583
NJ,2023-Q2,166.451254,17.930092,0.000831,9283346,801079.888825
NJ,2023-Q3,177.730432,19.129639,0.000877,9290841,810307.565118
NJ,2023-Q4,189.697917,20.303336,0.000930,9343189,815634.809474
NJ,2024-Q1,278.565253,29.647744,0.001364,9395833,817205.020125
NJ,2024-Q2,284.227681,30.082746,0.001383,9448196,822037.540577
NJ,2024-Q3,310.791423,32.711956,0.001501,9500851,828153.475215
NJ,2024-Q4,316.727294,33.149948,0.001519,9554382,834314.912222
NM,2022-Q1,58.173088,27.502431,0.001863,2115198,124873.373343
NM,2022-Q2,78.199642,36.985340,0.002521,2114341,124061.218477
NM,2022-Q3,41.230703,19.508479,0.001299,2113476,126967.637858
NM,2022-Q4,68.449716,32.383813,0.002110,2113701,129763.412545
NM,2023-Q1,121.986892,57.706290,0.003710,2113927,131507.492306
NM,2023-Q2,171.277763,81.015037,0.005065,2114147,135251.161226
NM,2023-Q3,259.835815,122.890361,0.007658,2114371,135725.678676
NM,2023-Q4,110.904080,52.353924,0.003225,2118352,137554.167792
NM,2024-Q1,273.764094,128.991505,0.007998,2122342,136922.238303
NM,2024-Q2,142.612255,67.070765,0.004148,2126295,137515.385116
NM,2024-Q3,104.654753,49.127782,0.003024,2130256,138414.230670
NM,2024-Q4,189.417861,88.750752,0.005438,2134267,139318.951373
NV,2022-Q1,147.658192,46.696014,0.002492,3162115,237039.239024
NV,2022-Q2,45.838566,14.461408,0.000763,3169716,240461.817500
NV,2022-Q3,94.120450,29.621649,0.001568,3177421,240159.825281
NV,2022-Q4,53.325014,16.760250,0.000884,3181635,241367.794155
NV,2023-Q1,493.120955,154.784429,0.008113,3185856,243134.551351
NV,2023-Q2,716.571201,224.631141,0.011742,3189990,244114.485284
NV,2023-Q3,564.499374,176.727699,0.009136,3194176,247152.896788
NV,2023-Q4,735.556938,228.971222,0.011792,3212442,249513.366577
NV,2024-Q1,1140.793064,353.097731,0.018164,3230813,251226.710183
NV,2024-Q2,630.455969,194.040857,0.009993,3249088,252348.395566
NV,2024-Q3,514.847809,157.567868,0.008126,3267467,253445.428522
NV,2024-Q4,543.686219,165.447635,0.008544,3286152,254547.230605
NY,2022-Q1,148.487871,7.513462,0.000276,19762909,2153297.420764
NY,2022-Q2,152.868071,7.752618,0.000287,19718251,2129851.752913
NY,2022-Q3,111.831150,5.684441,0.000209,19673200,2138343.419169
NY,2022-Q4,195.474029,9.949082,0.000365,19647444,2139919.598520
NY,2023-Q1,212.678237,10.838918,0.000396,19621722,2149573.697046
NY,2023-Q2,250.686808,12.792367,0.000464,19596592,2162853.008081
NY,2023-Q3,304.145700,15.540460,0.000556,19571216,2188899.371861
NY,2023-Q4,470.121296,23.930580,0.000860,19645210,2186712.423011
NY,2024-Q1,401.615516,20.366430,0.000730,19719485,2199952.329562
NY,2024-Q2,446.593050,22.562921,0.000805,19793228,2220462.363371
NY,2024-Q3,598.700783,30.135064,0.001074,19867248,2230431.697768
NY,2024-Q4,661.905572,33.190932,0.001182,19942362,2240445.792044
OH,2022-Q1,23.039576,1.958741,0.000106,11762438,865806.051286
OH,2022-Q2,24.392977,2.074043,0.000113,11761075,865017.447142
OH,2022-Q3,27.902738,2.372743,0.000129,11759697,865285.735150
OH,2022-Q4,40.337344,3.428208,0.000185,11766304,870627.105489
OH,2023-Q1,313.167605,26.600682,0.001434,11772916,873293.725689
OH,2023-Q2,717.610766,60.920887,0.003263,11779387,879805.807336
OH,2023-Q3,665.214789,56.441410,0.002991,11785935,889529.215139
OH,2023-Q4,993.982931,84.162129,0.004434,11810334,896707.951836
OH,2024-Q1,918.602742,77.618876,0.004097,11834785,896748.601534
OH,2024-Q2,1010.841931,85.238236,0.004472,11859019,904220.016058
OH,2024-Q3,962.539976,80.999356,0.004232,11883304,909797.154647
OH,2024-Q4,1202.914545,101.018147,0.005256,11907905,915408.692469
OK,2022-Q1,65.875361,16.446053,0.001118,4005542,235684.799751
OK,2022-Q2,89.806810,22.382525,0.001523,4012362,235884.464144
OK,2022-Q3,72.153973,17.952005,0.001202,4019271,240146.348142
OK,2022-Q4,120.056356,29.805803,0.001952,4027952,245988.908581
OK,2023-Q1,130.570218,32.346162,0.002089,4036652,249963.180776
OK,2023-Q2,107.367018,26.541952,0.001677,4045181,256162.284773
OK,2023-Q3,132.131677,32.594330,0.002040,4053824,259062.172379
OK,2023-Q4,258.411939,63.581967,0.003952,4064233,261569.862072
OK,2024-Q1,173.428313,42.562552,0.002669,4074669,259917.876919
OK,2024-Q2,154.522466,37.826631,0.002365,4085017,261377.328550
OK,2024-Q3,112.792384,27.541285,0.001711,4095393,263621.176009
OK,2024-Q4,95.116449,23.165748,0.001431,4105908,265884.286239
OR,2022-Q1,49.898531,11.746792,0.000640,4247843,311671.687999
OR,2022-Q2,63.947251,15.068989,0.000823,4243632,310675.063415
OR,2022-Q3,26.047001,6.144061,0.000335,4239379,310738.210427
OR,2022-Q4,42.911746,10.125804,0.000547,4237860,313777.503579
OR,2023-Q1,65.361499,15.428756,0.000825,4236342,317028.201946
OR,2023-Q2,153.952732,36.353691,0.001943,4234858,317000.746723
OR,2023-Q3,75.709740,17.884086,0.000945,4233358,320465.595827
OR,2023-Q4,63.886770,15.056516,0.000796,4243130,321042.155504
OR,2024-Q1,75.729492,17.806443,0.000948,4252926,319521.136166
OR,2024-Q2,87.327317,20.486686,0.001084,4262637,322132.127844
OR,2024-Q3,85.218825,19.946495,0.001051,4272371,324243.434469
OR,2024-Q4,246.729036,57.616898,0.003024,4282233,326368.578943
PA,2022-Q1,35.895863,2.762779,0.000152,12992665,943382.744446
PA,2022-Q2,42.512090,3.274586,0.000179,12982430,948220.604674
PA,2022-Q3,40.438981,3.117383,0.000169,12972091,955942.751095
PA,2022-Q4,83.747640,6.457292,0.000349,12969466,960808.256239
PA,2023-Q1,119.987448,9.253405,0.000497,12966843,965424.957142
PA,2023-Q2,128.613398,9.920599,0.000530,12964277,970705.136019
PA,2023-Q3,124.262103,9.586880,0.000507,12961683,980684.950547
PA,2023-Q4,377.827984,29.083801,0.001529,12991010,988628.256292
PA,2024-Q1,276.556530,21.240240,0.001120,13020405,987457.954866
PA,2024-Q2,603.569050,46.252113,0.002426,13049545,995263.036033
PA,2024-Q3,744.115099,56.894966,0.002960,13078751,1005427.149998
PA,2024-Q4,818.528043,62.443284,0.003224,13108343,1015695.064876
RI,2022-Q1,14.271896,13.028312,0.000758,1095452,75288.331592
RI,2022-Q2,19.508146,17.821332,0.001012,1094651,77103.280846
RI,2022-Q3,10.126293,9.257546,0.000529,1093842,76641.437864
RI,2022-Q4,23.259477,21.253644,0.001218,1094375,76369.807904
RI,2023-Q1,12.422857,11.346006,0.000647,1094910,76831.650886
RI,2023-Q2,34.157787,31.181993,0.001781,1095433,76704.842204
RI,2023-Q3,15.367412,14.021848,0.000783,1095962,78478.722737
RI,2023-Q4,59.991788,54.535605,0.003065,1100048,78280.584172
RI,2024-Q1,15.678071,14.199229,0.000792,1104149,79215.798198
RI,2024-Q2,14.496591,13.080954,0.000728,1108221,79699.976800
RI,2024-Q3,55.864064,50.223557,0.002779,1112308,80416.157649
RI,2024-Q4,35.123246,31.459615,0.001732,1116455,81138.774070
SC,2022-Q1,16.907989,3.227591,0.000216,5238578,313337.433307
SC,2022-Q2,41.374182,7.864921,0.000524,5260597,316086.302845
SC,2022-Q3,25.268424,4.783010,0.000317,5282955,318366.264096
SC,2022-Q4,52.917991,9.973901,0.000655,5305646,322973.919777
SC,2023-Q1,120.239716,22.565673,0.001488,5328434,323330.514702
SC,2023-Q2,85.715323,16.019092,0.001058,5350822,324125.131739
SC,2023-Q3,147.621218,27.471798,0.001793,5373555,329280.315060
SC,2023-Q4,156.805034,29.038905,0.001884,5399825,332944.538499
SC,2024-Q1,254.501335,46.902095,0.003026,5426225,336398.174384
SC,2024-Q2,270.187736,49.553321,0.003178,5452464,340090.476164
SC,2024-Q3,284.818132,51.985201,0.003325,5478831,342597.871973
SC,2024-Q4,388.023369,70.477731,0.004497,5505616,345123.754139
SD,2022-Q1,35.053928,38.814499,0.001950,903114,71903.816208
SD,2022-Q2,29.752573,32.822577,0.001660,906466,71707.665762
SD,2022-Q3,25.727398,28.275937,0.001442,909869,71384.084245
SD,2022-Q4,32.689556,35.834323,0.001849,912241,70720.241751
SD,2023-Q1,42.636033,46.616111,0.002326,914620,73329.576419
SD,2023-Q2,38.351483,41.824913,0.002085,916953,73585.105741
SD,2023-Q3,65.980895,71.771569,0.003547,919318,74405.067977
SD,2023-Q4,45.120543,49.008902,0.002412,920660,74816.049863
SD,2024-Q1,40.775334,44.224671,0.002202,922004,74074.814676
SD,2024-Q2,42.134657,45.633088,0.002262,923335,74503.143200
SD,2024-Q3,36.121345,39.064081,0.001943,924669,74352.360885
SD,2024-Q4,42.230136,45.603965,0.002276,926018,74201.883729
TN,2022-Q1,59.863585,8.543930,0.000470,7006563,509891.760132
TN,2022-Q2,9.751331,1.387572,0.000076,7027620,510746.167400
TN,2022-Q3,10.110796,1.434364,0.000079,7048976,513802.655256
TN,2022-Q4,65.376475,9.249075,0.000503,7068433,519928.843452
TN,2023-Q1,192.808543,27.202319,0.001485,7087945,519492.831495
TN,2023-Q2,149.257642,21.001248,0.001149,7107084,519787.910294
TN,2023-Q3,156.801901,22.002686,0.001196,7126489,524258.133887
TN,2023-Q4,163.720465,22.892177,0.001239,7151808,528587.424323
TN,2024-Q1,270.717996,37.719073,0.002047,7177217,529010.223796
TN,2024-Q2,563.371982,78.219607,0.004228,7202439,532969.564693
TN,2024-Q3,568.214317,78.615657,0.004222,7227750,538298.599716
TN,2024-Q4,606.035057,83.551525,0.004459,7253429,543680.918484
TX,2022-Q1,264.302135,8.870220,0.000447,29796571,2366672.030029
TX,2022-Q2,683.877518,22.862724,0.001155,29912337,2368952.337964
TX,2022-Q3,846.641549,28.193334,0.001405,30029848,2410757.983437
TX,2022-Q4,2052.831441,68.090696,0.003314,30148486,2477503.212991
TX,2023-Q1,819.166244,27.064134,0.001299,30267594,2522801.221968
TX,2023-Q2,1382.203820,45.490323,0.002158,30384568,2562490.906025
TX,2023-Q3,1636.611187,53.653576,0.002510,30503301,2607891.631575
TX,2023-Q4,2057.330698,67.015395,0.003114,30699374,2642281.140432
TX,2024-Q1,1175.658484,38.051253,0.001779,30896708,2643308.306168
TX,2024-Q2,1761.750407,56.660411,0.002648,31093145,2661530.226333
TX,2024-Q3,2526.007466,80.726762,0.003757,31290831,2689160.984643
TX,2024-Q4,3351.368729,106.419798,0.004934,31491966,2717078.592525
UT,2022-Q1,24.448801,7.275634,0.000363,3360366,269302.897522
UT,2022-Q2,51.788093,15.364069,0.000767,3370727,269972.810568
UT,2022-Q3,31.427611,9.294711,0.000463,3381236,271615.385826
UT,2022-Q4,37.551898,11.075954,0.000547,3390398,274410.984501
UT,2023-Q1,35.578305,10.465482,0.000515,3399586,276382.074811
UT,2023-Q2,38.445620,11.279013,0.000551,3408597,279319.385861
UT,2023-Q3,31.600439,9.246021,0.000446,3417734,283725.352435
UT,2023-Q4,32.425370,9.428389,0.000454,3439120,285889.686893
UT,2024-Q1,61.865088,17.876768,0.000856,3460641,289230.663497
UT,2024-Q2,116.933421,33.581669,0.001598,3482061,292636.054816
UT,2024-Q3,37.923343,10.824067,0.000513,3503613,295884.703660
UT,2024-Q4,55.652589,15.785562,0.000744,3525537,299169.416821
VA,2022-Q1,73.699392,8.502168,0.000426,8668306,691737.285195
VA,2022-Q2,90.622408,10.447988,0.000522,8673671,694176.235816
VA,2022-Q3,48.453267,5.582753,0.000276,8679099,703212.144479
VA,2022-Q4,157.745042,18.156011,0.000891,8688309,707959.720115
VA,2023-Q1,109.085691,12.542146,0.000615,8697529,709591.893177
VA,2023-Q2,213.457905,24.516908,0.001190,8706558,717312.133820
VA,2023-Q3,260.479193,29.886211,0.001444,8715698,721358.433578
VA,2023-Q4,350.446006,40.098610,0.001917,8739604,731325.239424
VA,2024-Q1,154.636435,17.645355,0.000843,8763577,733317.359397
VA,2024-Q2,194.093799,22.087855,0.001050,8787353,739064.098011
VA,2024-Q3,245.156343,27.823280,0.001316,8811195,744965.986155
VA,2024-Q4,303.566991,34.358177,0.001617,8835363,750915.004560
VT,2022-Q1,8.267591,12.776342,0.000774,647101,42743.285094
VT,2022-Q2,8.019036,12.392156,0.000748,647105,42908.363719
VT,2022-Q3,6.440563,9.952810,0.000603,647110,42713.490415
VT,2022-Q4,6.978567,10.782719,0.000643,647199,43379.039117
VT,2023-Q1,10.535087,16.275723,0.000977,647288,43137.863272
VT,2023-Q2,12.360720,19.093580,0.001139,647375,43411.249581
VT,2023-Q3,9.961873,15.385988,0.000918,647464,43412.054843
VT,2023-Q4,14.181178,21.893909,0.001284,647722,44173.832305
VT,2024-Q1,8.351630,12.888693,0.000759,647981,44010.364202
VT,2024-Q2,11.838148,18.262068,0.001067,648237,44374.745071
VT,2024-Q3,14.439330,22.265976,0.001288,648493,44830.120499
VT,2024-Q4,16.641854,25.652108,0.001470,648751,45290.169008
WA,2022-Q1,38.990715,5.022569,0.000205,7763102,759700.915692
WA,2022-Q2,43.391080,5.581763,0.000228,7773723,760983.769367
WA,2022-Q3,35.214171,4.523640,0.000183,7784477,770309.612507
WA,2022-Q4,146.739465,18.832970,0.000750,7791626,782220.028492
WA,2023-Q1,119.361447,15.305139,0.000604,7798782,790024.055016
WA,2023-Q2,139.189267,17.831544,0.000695,7805789,800978.619243
WA,2023-Q3,152.516737,19.521193,0.000750,7812880,813348.095612
WA,2023-Q4,163.115194,20.781251,0.000789,7849151,827107.330129
WA,2024-Q1,187.067028,23.722635,0.000901,7885592,830157.251857
WA,2024-Q2,182.838707,23.080441,0.000876,7921803,834716.413203
WA,2024-Q3,221.892445,27.882310,0.001055,7958180,840960.892122
WA,2024-Q4,284.108110,35.535161,0.001341,7995126,847252.085730
WI,2022-Q1,16.732914,2.843170,0.000159,5885301,421489.884338
WI,2022-Q2,13.645068,2.317473,0.000130,5887907,421257.744508
WI,2022-Q3,33.716237,5.723791,0.000318,5890543,423567.135570
WI,2022-Q4,101.446321,17.206887,0.000958,5895681,423487.087353
WI,2023-Q1,26.636687,4.514062,0.000252,5900824,423222.928236
WI,2023-Q2,44.239066,7.490708,0.000417,5905859,424727.834716
WI,2023-Q3,40.102578,6.784450,0.000373,5910955,430307.195443
WI,2023-Q4,385.220197,65.032655,0.003538,5923488,435530.341604
WI,2024-Q1,63.721691,10.734698,0.000587,5936048,434329.618349
WI,2024-Q2,165.421471,27.808943,0.001508,5948498,438856.345021
WI,2024-Q3,60.910490,10.218209,0.000549,5960975,443559.177772
WI,2024-Q4,226.191041,37.865020,0.002018,5973614,448312.406594
WV,2022-Q1,6.210400,3.489798,0.000258,1779587,96394.557008
WV,2022-Q2,5.969294,3.359530,0.000249,1776824,95738.785861
WV,2022-Q3,5.829414,3.285963,0.000238,1774035,97854.360604
WV,2022-Q4,11.762535,6.634124,0.000469,1773035,100362.447643
WV,2023-Q1,21.006717,11.854569,0.000835,1772035,100594.343526
WV,2023-Q2,18.301957,10.333909,0.000713,1771058,102650.043513
WV,2023-Q3,18.776938,10.608014,0.000739,1770071,101619.817537
WV,2023-Q4,30.550541,17.259726,0.001178,1770047,103742.995424
WV,2024-Q1,83.859320,47.377485,0.003209,1770024,104528.020014
WV,2024-Q2,35.209599,19.892407,0.001340,1770001,105084.950292
WV,2024-Q3,49.154825,27.771417,0.001850,1769979,106297.651718
WV,2024-Q4,66.723801,37.698003,0.002482,1769955,107524.347961
WY,2022-Q1,47.268049,81.412961,0.003817,580596,49538.666892
WY,2022-Q2,40.876483,70.342139,0.003409,581109,47959.285956
WY,2022-Q3,32.198208,55.358670,0.002659,581629,48445.211905
WY,2022-Q4,64.576445,110.910348,0.005198,582240,49692.373198
WY,2023-Q1,55.442785,95.123311,0.004382,582851,50605.855612
WY,2023-Q2,49.638514,85.077475,0.003832,583450,51820.427277
WY,2023-Q3,51.681028,88.486274,0.003919,584057,52751.420535
WY,2023-Q4,105.272140,179.967733,0.007978,584950,52784.496576
WY,2024-Q1,146.888024,250.728680,0.011341,585844,51808.753380
WY,2024-Q2,112.085942,191.034766,0.008580,586730,52253.820690
WY,2024-Q3,114.124521,194.215495,0.008696,587618,52497.026871
WY,2024-Q4,219.631718,373.195499,0.016657,588516,52741.365011
